Airbnb listings,Misspellings,Name formatting,Typo
bedroom,beautiful,Dorian Gray,Tableau
bedroom,beautiful,Lord Henry Wotton,Tableau
bedroom,beautiful,Basil Hallward,Tableau
bedroom,beautiful,Sibyl Vane,Tableau
bedroom,beautiful,James Vane,Tableau
bedroom,beautiful,Alan Campbell,Tableau
bedroom,beautiful,Lady Agatha,Tableau
bedroom,beautiful,Lord Fermor,Tableau
bedroom,beautiful,Victoria Wotton,Tableau
bedroom,beautiful,Duchess of Monmouth,Tableau
bedroom,beautiful,Dorian Gray,Tableau
bedroom,beautiful,Dorian Gray,Tableau
bedroom,beautiful,Dorian Gray,Tableau
bedroom,beautiful,Dorian Gray,Tableau
bedroom,beautiful,Dorian Gray,Tableau
bedroom,beautiful,Dorian Gray,Tableau
bedroom,beautiful,Dorian Gray,Tableau
bedroom,beautiful,Dorian Gray,Tableau
bedroom,beautiful,Dorian Gray,Tableau
bedroom,beautiful,Lord Henry Wotton,Tableau
bedroom,beautiful,Lord Henry Wotton,Tableau
bedroom,beautiful,Lord Henry Wotton,Tableau
bedroom,beautiful,Lord Henry Wotton,Tableau
bedroom,beautiful,Lord Henry Wotton,Tableau
bedroom,difficult,Lord Henry Wotton,Tableau
bedroom,difficult,Lord Henry Wotton,Tableau
bedroom,difficult,Lord Henry Wotton,Tableau
bedroom,difficult,Basil Hallward,Tableau
bedroom,difficult,Victoria Wotton,Tableau
bedroom,difficult,Basil Hallward,Tableau
bedroom,difficult,Basil Hallward,Tableau
bedroom,difficult,Basil Hallward,Tableau
bedroom,difficult,Basil Hallward,Tableau
bedroom,difficult,Basil Hallward,Tableau
bedroom,difficult,Basil Hallward,Tableau
bedroom,difficult,Basil Hallward,Tableau
bedroom,difficult,Basil Hallward,Tableau
bedroom,difficult,Basil Hallward,Tableau
bedroom,difficult,Basil Hallward,Tableau
bedroom,difficult,Basil Hallward,Tableau
bedroom,difficult,Basil Hallward,Tableau
bedroom,difficult,Basil Hallward,Tableau
bedroom,difficult,Basil Hallward,Tableau
bedroom,difficult,Henry Wotton,Tableau
bathroom,difficult,Sibyl Vane,Tableau
bathroom,difficult,Sibyl Vane,Tableau
bathroom,difficult,Sibyl Vane,Tableau
bathroom,Pneumonia,James Vane,Tableau
bathroom,Pneumonia,Alan Campbell,Tableau
bathroom,Pneumonia,Lady Agatha,Tableau
bathroom,sauerkraut,Lord Fermor,Tableau
bathroom,sauerkraut,Victoria Wotton,Tableau
bathroom,sauerkraut,Duchess of Monmouth,Tableau
bathroom,sauerkraut,James Vane,Tableau
bathroom,sauerkraut,Alan Campbell,Tableau
bathroom,sauerkraut,Lady Agatha,Tableau
bathroom,sauerkraut,Lord Fermor,Tableau
bathroom,sauerkraut,Victoria Wotton,Tableau
bathroom,sauerkraut,Duchess of Monmouth,Tableau
bathroom,sauerkraut,Dorian Gray,Tableau
bathroom,sauerkraut,Dorian Gray,Tableau
bathroom,sauerkraut,Dorian Gray,Tableau
bathroom,sauerkraut,Dorian Gray,Tableau
bathroom,sauerkraut,Dorian Gray,Tableau
bathroom,sauerkraut,Dorian Gray,Tableau
bathroom,sauerkraut,Dorian Gray,Tableau
bathroom,sauerkraut,Dorian Gray,Tableau
bathroom,sauerkraut,Dorian Gray,Tableau
bathroom,sauerkraut,Dorian Gray,Tableau
bathroom,sauerkraut,Dorian Gray,Tableau
bathroom,sauerkraut,Dorian Gray,Tableau
bathroom,sauerkraut,Dorian Gray,Tableau
bathroom,sauerkraut,Dorian Gray,Tableau
bathroom,sauerkraut,Dorian Gray,Tableau
bathroom,sauerkraut,Dorian Gray,Tableau
bathroom,Pneumonia,Dorian Gray,Tableau
bathroom,Pneumonia,Dorian Gray,Tableau
bathroom,Pneumonia,Dorian Gray,Tableau
bathroom,Pneumonia,Dorian Gray,Tableau
bathroom,Pneumonia,Dorian Gray,Tableau
bathroom,Pneumonia,Dorian Gray,Tableau
bathroom,Pneumonia,Dorian Gray,Tableau
